<?xml version="1.0" encoding="utf-8"?>
<eml:eml xmlns:eml="https://eml.ecoinformatics.org/eml-2.2.0" xmlns:xsi="http://www.w3.org/2001/XMLSchema-instance"
         xsi:schemaLocation="https://eml.ecoinformatics.org/eml-2.2.0 https://rs.gbif.org/schema/eml-gbif-profile/1.3/eml.xsd"
packageId="50914b57-6c66-4432-91c7-edbc7a296a9f"  system="http://gbif.org" scope="system"
xml:lang="en">
    <dataset>
        <alternateIdentifier>10.82144/d127533f</alternateIdentifier>
        <alternateIdentifier>10.15468/7zkca3</alternateIdentifier>
        <alternateIdentifier>https://ipt.env.duke.edu/resource?r=zd_632</alternateIdentifier>
        <alternateIdentifier>50914b57-6c66-4432-91c7-edbc7a296a9f</alternateIdentifier>
        <alternateIdentifier>https://obis.org/dataset/68ed4f02-f04b-46ae-b273-0bcbf8a8f807</alternateIdentifier>
        <alternateIdentifier>https://seamap.env.duke.edu/dataset/632</alternateIdentifier>
        <alternateIdentifier>https://www.gbif.org/dataset/50914b57-6c66-4432-91c7-edbc7a296a9f</alternateIdentifier>
        <alternateIdentifier>http://ipt.env.duke.edu/resource?r=zd_632</alternateIdentifier>
        <shortName>zd_632</shortName>
        <title>TOPP Summary of SSM-derived Telemetry</title>
        <creator>
            <individualName>
                <givenName>James</givenName>
                <surName>Ganong</surName>
            </individualName>
            <organizationName>Stanford University</organizationName>
            <positionName>Primary contact</positionName>
            <electronicMailAddress>jganong@stanford.edu</electronicMailAddress>
        </creator>
        <metadataProvider>
            <individualName>
                <surName>OBIS-SEAMAP</surName>
            </individualName>
            <organizationName>Marine Geospatial Ecology Lab, Duke University</organizationName>
            <address>
                <deliveryPoint>A328 LSRC building</deliveryPoint>
                <city>Durham</city>
                <administrativeArea>NC</administrativeArea>
                <postalCode>27708</postalCode>
                <country>UNITED_STATES</country>
            </address>
            <electronicMailAddress>seamap-contact@duke.edu</electronicMailAddress>
            <onlineUrl>https://seamap.env.duke.edu</onlineUrl>
        </metadataProvider>
        <associatedParty>
            <individualName>
                <surName>OBIS-SEAMAP</surName>
            </individualName>
            <organizationName>Marine Geospatial Ecology Lab, Duke University</organizationName>
            <address>
                <deliveryPoint>A328 LSRC building</deliveryPoint>
                <city>Durham</city>
                <administrativeArea>NC</administrativeArea>
                <postalCode>27708</postalCode>
                <country>UNITED_STATES</country>
            </address>
            <electronicMailAddress>seamap-contact@duke.edu</electronicMailAddress>
            <onlineUrl>https://seamap.env.duke.edu</onlineUrl>
            <role>DISTRIBUTOR</role>
        </associatedParty>
        <associatedParty>
            <individualName>
                <givenName>James</givenName>
                <surName>Ganong</surName>
            </individualName>
            <organizationName>Stanford University</organizationName>
            <positionName>Primary contact</positionName>
            <electronicMailAddress>jganong@stanford.edu</electronicMailAddress>
            <role>OWNER</role>
        </associatedParty>
        <pubDate>
                2025-10-07
        </pubDate>
        <language>ENGLISH</language>
        <abstract>
            <para>Original provider:
Census of Marine Life Tagging of Pacific Predators

Dataset credits:
Census of Marine Life TOPP

Purpose:
This is the product for upload into OBIS, derived from all the TOPP SSM data in OBIS-SEAMAP.
</para>
        </abstract>
        <keywordSet>
            <keyword>Occurrence</keyword>
            <keywordThesaurus>GBIF Dataset Type Vocabulary: http://rs.gbif.org/vocabulary/gbif/dataset_type.xml</keywordThesaurus>
        </keywordSet>
        <keywordSet>
            <keyword>Observation</keyword>
            <keywordThesaurus>GBIF Dataset Subtype Vocabulary: http://rs.gbif.org/vocabulary/gbif/dataset_subtype.xml</keywordThesaurus>
        </keywordSet>
        <keywordSet>
            <keyword>Marine Biology</keyword>
            <keyword>Radio transmitters</keyword>
            <keyword>Visual sighting</keyword>
            <keyword>Seabirds</keyword>
            <keyword>Visual Sighting</keyword>
            <keyword>Marine mammals</keyword>
            <keyword>Marine Animal Survey</keyword>
            <keyword>Sea turtles</keyword>
            <keywordThesaurus>N/A</keywordThesaurus>
        </keywordSet>
        <keywordSet>
            <keyword>Occurrence</keyword>
            <keywordThesaurus>GBIF Dataset Type Vocabulary: http://rs.gbif.org/vocabulary/gbif/dataset_type_2015-07-10.xml</keywordThesaurus>
        </keywordSet>
        <additionalInfo>
            <para>marine, harvested by iOBIS. All telemetry data are aggregated per species per 1 degree grid representing only species existence in the cells.

This dataset is not meant to be published on OBIS-SEAMAP but uploaded into OBIS.</para>
        </additionalInfo>
        <intellectualRights>
            <para>This work is licensed under a <ulink url="http://creativecommons.org/licenses/by-nc/4.0/legalcode"><citetitle>Creative Commons Attribution Non Commercial (CC-BY-NC) 4.0 License</citetitle></ulink>.</para>
        </intellectualRights>
        <licensed>
            <licenseName>Creative Commons Attribution Non Commercial 4.0 International</licenseName>
            <url>https://spdx.org/licenses/CC-BY-NC-4.0.html</url>
            <identifier>CC-BY-NC-4.0</identifier>
        </licensed>
        <distribution scope="document">
            <online>
                <url function="information">https://seamap.env.duke.edu/dataset/632</url>
            </online>
        </distribution>
        <distribution scope="document">
            <online>
                <url function="download">https://ipt.env.duke.edu/archive.do?r=zd_632</url>
            </online>
        </distribution>
        <coverage>
            <geographicCoverage>
                <geographicDescription>Western Pacific sector</geographicDescription>
                <boundingCoordinates>
                    <westBoundingCoordinate>106.5</westBoundingCoordinate>
                    <eastBoundingCoordinate>180</eastBoundingCoordinate>
                    <northBoundingCoordinate>69.5</northBoundingCoordinate>
                    <southBoundingCoordinate>-67.5</southBoundingCoordinate>
                </boundingCoordinates>
            </geographicCoverage>
            <geographicCoverage>
                <geographicDescription>Eastern Pacific sector</geographicDescription>
                <boundingCoordinates>
                    <westBoundingCoordinate>-180</westBoundingCoordinate>
                    <eastBoundingCoordinate>-50.5</eastBoundingCoordinate>
                    <northBoundingCoordinate>69.5</northBoundingCoordinate>
                    <southBoundingCoordinate>-67.5</southBoundingCoordinate>
                </boundingCoordinates>
            </geographicCoverage>
            <temporalCoverage>
                <rangeOfDates>
                    <beginDate>
                        <calendarDate>                2002-02-26
</calendarDate>
                    </beginDate>
                    <endDate>
                        <calendarDate>                2009-12-06
</calendarDate>
                    </endDate>
                </rangeOfDates>
            </temporalCoverage>
            <taxonomicCoverage>
                <generalTaxonomicCoverage>Scientific names are based on the Integrated Taxonomic Information System (ITIS).</generalTaxonomicCoverage>
                <taxonomicClassification>
                    <taxonRankName>Species</taxonRankName>
                    <taxonRankValue>Balaenoptera musculus</taxonRankValue>
                    <commonName>Blue whale</commonName>
                </taxonomicClassification>
                <taxonomicClassification>
                    <taxonRankName>Species</taxonRankName>
                    <taxonRankValue>Balaenoptera physalus</taxonRankValue>
                    <commonName>Fin whale</commonName>
                </taxonomicClassification>
                <taxonomicClassification>
                    <taxonRankName>Species</taxonRankName>
                    <taxonRankValue>Dermochelys coriacea</taxonRankValue>
                    <commonName>Leatherback sea turtle</commonName>
                </taxonomicClassification>
                <taxonomicClassification>
                    <taxonRankName>Species</taxonRankName>
                    <taxonRankValue>Megaptera novaeangliae</taxonRankValue>
                    <commonName>Humpback whale</commonName>
                </taxonomicClassification>
                <taxonomicClassification>
                    <taxonRankName>Species</taxonRankName>
                    <taxonRankValue>Mirounga angustirostris</taxonRankValue>
                    <commonName>Northern elephant seal</commonName>
                </taxonomicClassification>
                <taxonomicClassification>
                    <taxonRankName>Species</taxonRankName>
                    <taxonRankValue>Phoebastria immutabilis</taxonRankValue>
                    <commonName>Laysan albatross</commonName>
                </taxonomicClassification>
                <taxonomicClassification>
                    <taxonRankName>Species</taxonRankName>
                    <taxonRankValue>Phoebastria nigripes</taxonRankValue>
                    <commonName>Black-footed albatross</commonName>
                </taxonomicClassification>
                <taxonomicClassification>
                    <taxonRankName>Species</taxonRankName>
                    <taxonRankValue>Physeter macrocephalus</taxonRankValue>
                    <commonName>Sperm whale</commonName>
                </taxonomicClassification>
                <taxonomicClassification>
                    <taxonRankName>Species</taxonRankName>
                    <taxonRankValue>Puffinus griseus</taxonRankValue>
                    <commonName>Sooty shearwater</commonName>
                </taxonomicClassification>
                <taxonomicClassification>
                    <taxonRankName>Species</taxonRankName>
                    <taxonRankValue>Zalophus californianus</taxonRankValue>
                    <commonName>California sea lion</commonName>
                </taxonomicClassification>
            </taxonomicCoverage>
        </coverage>
        <purpose><para>This is the product for upload into OBIS, derived from all the TOPP SSM data in OBIS-SEAMAP.</para></purpose>
        <maintenance>
            <description>
                <para></para>
            </description>
            <maintenanceUpdateFrequency>notPlanned</maintenanceUpdateFrequency>
        </maintenance>
        <contact>
            <individualName>
                <givenName>James</givenName>
                <surName>Ganong</surName>
            </individualName>
            <organizationName>Stanford University</organizationName>
            <positionName>Primary contact</positionName>
            <electronicMailAddress>jganong@stanford.edu</electronicMailAddress>
        </contact>
        <methods>
            <methodStep>
                <description>
                    <para>NA</para>
                </description>
            </methodStep>
            <sampling>
                <studyExtent>
                    <description>
                        <para>NA</para>
                    </description>
                </studyExtent>
                <samplingDescription>
                    <para>NA</para>
                </samplingDescription>
            </sampling>
        </methods>

            <project >
                <title>TOPP Summary of SSM-derived Telemetry</title>
                <personnel>
                    <individualName>
                    <givenName>James</givenName>
                    <surName>Ganong</surName>
                    </individualName>
                    <role>OWNER</role>
                </personnel>
                <abstract>
                    <para></para>
                </abstract>
                <funding>
                    <para>NA</para>
                </funding>
            </project>
    </dataset>

    <additionalMetadata>
        <metadata>
            <gbif>
                <dateStamp>2026-01-28T23:44:46Z</dateStamp>
                <citation identifier="https://doi.org/10.82144/d127533f">Ganong, J. 2025. TOPP Summary of SSM-derived Telemetry. Version 1.0.0. Dataset published in OBIS-SEAMAP. https://doi.org/10.82144/d127533f. accessed via GBIF.org on 2025-12-16. accessed via GBIF.org on 2026-01-28.</citation>
                <physical>
                    <objectName>OBIS-SEAMAP Dataset Page</objectName>
                    <characterEncoding>UTF-8</characterEncoding>
                    <dataFormat>
                        <externallyDefinedFormat>
                            <formatName>Interactive map</formatName>
                        </externallyDefinedFormat>
                    </dataFormat>
                    <distribution>
                        <online>
                            <url function="download">https://seamap.env.duke.edu/dataset/632</url>
                        </online>
                    </distribution>
                </physical>
                <physical>
                    <objectName>FGDC Metadata</objectName>
                    <characterEncoding>UTF-8</characterEncoding>
                    <dataFormat>
                        <externallyDefinedFormat>
                            <formatName>XML</formatName>
                        </externallyDefinedFormat>
                    </dataFormat>
                    <distribution>
                        <online>
                            <url function="download">https://seamap.env.duke.edu/dataset/632/fgdc</url>
                        </online>
                    </distribution>
                </physical>
                <physical>
                    <objectName>EML Metadata</objectName>
                    <characterEncoding>UTF-8</characterEncoding>
                    <dataFormat>
                        <externallyDefinedFormat>
                            <formatName>XML</formatName>
                        </externallyDefinedFormat>
                    </dataFormat>
                    <distribution>
                        <online>
                            <url function="download">https://seamap.env.duke.edu/dataset/632/eml</url>
                        </online>
                    </distribution>
                </physical>
                <collection>
                    <parentCollectionIdentifier>OBIS-SEAMAP</parentCollectionIdentifier>
                    <collectionIdentifier>zd_632</collectionIdentifier>
                    <collectionName>zd_632</collectionName>
                </collection>
            </gbif>
        </metadata>
    </additionalMetadata>
    </eml:eml>
