<?xml version="1.0" encoding="utf-8"?>
<eml:eml xmlns:eml="https://eml.ecoinformatics.org/eml-2.2.0" xmlns:xsi="http://www.w3.org/2001/XMLSchema-instance"
         xsi:schemaLocation="https://eml.ecoinformatics.org/eml-2.2.0 https://rs.gbif.org/schema/eml-gbif-profile/1.3/eml.xsd"
packageId="f86f5466-8f18-4b83-84d4-d0edab4c0e90"  system="http://gbif.org" scope="system"
xml:lang="en">
    <dataset>
        <alternateIdentifier>10.15468/ivcidi</alternateIdentifier>
        <alternateIdentifier>https://ipt.vertnet.org/resource?r=mvzobs_mammal</alternateIdentifier>
        <alternateIdentifier>http://ipt.vertnet.org:8080/ipt/resource?r=mvzobs_mammal</alternateIdentifier>
        <alternateIdentifier>http://ipt.vertnet.org:8080/ipt/resource.do?r=mvzobs_mammal</alternateIdentifier>
        <alternateIdentifier>f86f5466-8f18-4b83-84d4-d0edab4c0e90</alternateIdentifier>
        <alternateIdentifier>14803</alternateIdentifier>
        <title>MVZ Mammal Observations (Arctos)</title>
        <creator>
            <individualName>
                <givenName>Chris</givenName>
                <surName>Conroy</surName>
            </individualName>
            <organizationName>Museum of Vertebrate Zoology, UC Berkeley</organizationName>
            <positionName>Staff Curator of Mammalogy</positionName>
            <address>
                <deliveryPoint>3101 Valley Life Science Building</deliveryPoint>
                <city>Berkeley</city>
                <administrativeArea>CA</administrativeArea>
                <postalCode>94720-3160</postalCode>
                <country>UNITED_STATES</country>
            </address>
            <phone>(510) 643-7709</phone>
            <electronicMailAddress>ondatra@berkeley.edu</electronicMailAddress>
            <onlineUrl>http://mvz.berkeley.edu</onlineUrl>
        </creator>
        <metadataProvider>
            <individualName>
                <givenName>Chris</givenName>
                <surName>Conroy</surName>
            </individualName>
            <organizationName>Museum of Vertebrate Zoology, UC Berkeley</organizationName>
            <positionName>Staff Curator of Mammalogy</positionName>
            <address>
                <deliveryPoint>3101 Valley Life Science Building</deliveryPoint>
                <city>Berkeley</city>
                <administrativeArea>CA</administrativeArea>
                <postalCode>94720-3160</postalCode>
                <country>UNITED_STATES</country>
            </address>
            <phone>(510) 643-7709</phone>
            <electronicMailAddress>ondatra@berkeley.edu</electronicMailAddress>
            <onlineUrl>http://mvz.berkeley.edu</onlineUrl>
        </metadataProvider>
        <associatedParty>
            <individualName>
                <givenName>David</givenName>
                <surName>Bloom</surName>
            </individualName>
            <positionName>VertNet Coordinator</positionName>
            <electronicMailAddress>dbloom@vertnet.org</electronicMailAddress>
            <role>PROGRAMMER</role>
        </associatedParty>
        <associatedParty>
            <individualName>
                <givenName>Dusty</givenName>
                <surName>McDonald</surName>
            </individualName>
            <positionName>Arctos Database Programmer</positionName>
            <electronicMailAddress>dustymc@gmail.com</electronicMailAddress>
            <onlineUrl>http://arctos.database.museum</onlineUrl>
            <role>PROGRAMMER</role>
        </associatedParty>
        <associatedParty>
            <individualName>
                <givenName>Eileen</givenName>
                <surName>Lacey</surName>
            </individualName>
            <organizationName>Museum of Vertebrate Zoology at UC Berkeley</organizationName>
            <positionName>Faculty Curator of Mammalogy</positionName>
            <address>
                <deliveryPoint>3101 Valley Life Sciences Building</deliveryPoint>
                <city>Berkeley</city>
                <administrativeArea>CA</administrativeArea>
                <postalCode>94720-3160</postalCode>
                <country>UNITED_STATES</country>
            </address>
            <phone>(510) 643-0284</phone>
            <electronicMailAddress>ealacey@berkeley.edu</electronicMailAddress>
            <onlineUrl>http://mvz.berkeley.edu</onlineUrl>
            <role>POINT_OF_CONTACT</role>
        </associatedParty>
        <associatedParty>
            <individualName>
                <givenName>James</givenName>
                <surName>Patton</surName>
            </individualName>
            <organizationName>Museum of Vertebrate Zoology at UC Berkeley</organizationName>
            <positionName>Faculty Curator of Mammalogy</positionName>
            <address>
                <deliveryPoint>3101 Valley Life Sciences Building</deliveryPoint>
                <city>Berkeley</city>
                <administrativeArea>CA</administrativeArea>
                <postalCode>94720-3160</postalCode>
                <country>UNITED_STATES</country>
            </address>
            <phone>(510) 643-7712</phone>
            <electronicMailAddress>patton@berkeley.edu</electronicMailAddress>
            <onlineUrl>http://mvz.berkeley.edu</onlineUrl>
            <role>POINT_OF_CONTACT</role>
        </associatedParty>
        <pubDate>
                2025-10-02
        </pubDate>
        <language>ENGLISH</language>
        <abstract>
            <para>The MVZ maintains an online catalog of mammal observations vouchered with media, fieldnotes, or other documentation. These records are curated with the same minimal data standards as vouchered specimens.</para>
        </abstract>
        <keywordSet>
            <keyword>Occurrence</keyword>
            <keywordThesaurus>GBIF Dataset Type Vocabulary: http://rs.gbif.org/vocabulary/gbif/dataset_type.xml</keywordThesaurus>
        </keywordSet>
        <keywordSet>
            <keyword>Observation</keyword>
            <keywordThesaurus>GBIF Dataset Subtype Vocabulary: http://rs.gbif.org/vocabulary/gbif/dataset_subtype.xml</keywordThesaurus>
        </keywordSet>
        <keywordSet>
            <keyword>Occurrence</keyword>
            <keywordThesaurus>GBIF Dataset Type Vocabulary: http://rs.gbif.org/vocabulary/gbif/dataset_type_2015-07-10.xml</keywordThesaurus>
        </keywordSet>
        <additionalInfo>
            <para>http://vertnet.org/resources/norms.html</para>
        </additionalInfo>
        <intellectualRights>
            <para>To the extent possible under law, the publisher has waived all rights to these data and has dedicated them to the <ulink url="http://creativecommons.org/publicdomain/zero/1.0/legalcode"><citetitle>Public Domain (CC0 1.0)</citetitle></ulink>. Users may copy, modify, distribute and use the work, including for commercial purposes, without restriction.</para>
        </intellectualRights>
        <licensed>
            <licenseName>Creative Commons Zero v1.0 Universal</licenseName>
            <url>https://spdx.org/licenses/CC0-1.0.html</url>
            <identifier>CC0-1.0</identifier>
        </licensed>
        <distribution scope="document">
            <online>
                <url function="download">https://ipt.vertnet.org/archive.do?r=mvzobs_mammal</url>
            </online>
        </distribution>
        <coverage>
            <geographicCoverage>
                <geographicDescription>MVZ mammal observational data are focused on western North America (especially California), with additional data from Argentina and Paraguay.</geographicDescription>
                <boundingCoordinates>
                    <westBoundingCoordinate>-180</westBoundingCoordinate>
                    <eastBoundingCoordinate>180</eastBoundingCoordinate>
                    <northBoundingCoordinate>90</northBoundingCoordinate>
                    <southBoundingCoordinate>-90</southBoundingCoordinate>
                </boundingCoordinates>
            </geographicCoverage>
            <taxonomicCoverage>
                <generalTaxonomicCoverage>MVZ mammal observational data are focused on Rodentia and Chiroptera, with spotty representation for Carnivora and Primates.</generalTaxonomicCoverage>
                <taxonomicClassification>
                    <taxonRankName>Class</taxonRankName>
                    <taxonRankValue>Mammalia</taxonRankValue>
                </taxonomicClassification>
            </taxonomicCoverage>
        </coverage>
        <maintenance>
            <description>
                <para></para>
            </description>
            <maintenanceUpdateFrequency>unkown</maintenanceUpdateFrequency>
        </maintenance>
        <contact>
            <individualName>
                <givenName>Michael</givenName>
                <surName>Nachman</surName>
            </individualName>
            <organizationName>Museum of Vertebrate Zoology, UC Berkeley</organizationName>
            <positionName>Director and Faculty Curator of Mammals</positionName>
            <address>
                <deliveryPoint>3101 Valley Life Sciences Building</deliveryPoint>
                <city>Berkeley</city>
                <administrativeArea>CA</administrativeArea>
                <postalCode>94720-3160</postalCode>
                <country>UNITED_STATES</country>
            </address>
            <phone>(510) 642-1792</phone>
            <electronicMailAddress>mnachman@berkeley.edu</electronicMailAddress>
            <onlineUrl>http://mvz.berkeley.edu</onlineUrl>
        </contact>
        <contact>
            <individualName>
                <givenName>Chris</givenName>
                <surName>Conroy</surName>
            </individualName>
            <organizationName>Museum of Vertebrate Zoology, UC Berkeley</organizationName>
            <positionName>Staff Curator of Mammalogy</positionName>
            <address>
                <deliveryPoint>3101 Valley Life Science Building</deliveryPoint>
                <city>Berkeley</city>
                <administrativeArea>CA</administrativeArea>
                <postalCode>94720-3160</postalCode>
                <country>UNITED_STATES</country>
            </address>
            <phone>(510) 643-7709</phone>
            <electronicMailAddress>ondatra@berkeley.edu</electronicMailAddress>
            <onlineUrl>http://mvz.berkeley.edu</onlineUrl>
        </contact>

    </dataset>

    <additionalMetadata>
        <metadata>
            <gbif>
                <dateStamp>2026-01-28T23:44:46Z</dateStamp>
                <citation>Conroy C (2025). MVZ Mammal Observations (Arctos). Version 36.103. Museum of Vertebrate Zoology. Occurrence dataset https://doi.org/10.15468/ivcidi accessed via GBIF.org on 2026-01-28.</citation>
                <livingTimePeriod>1978 to present</livingTimePeriod>
            </gbif>
        </metadata>
    </additionalMetadata>
    </eml:eml>
