<?xml version="1.0" encoding="utf-8"?>
<eml:eml xmlns:eml="https://eml.ecoinformatics.org/eml-2.2.0" xmlns:xsi="http://www.w3.org/2001/XMLSchema-instance"
         xsi:schemaLocation="https://eml.ecoinformatics.org/eml-2.2.0 https://rs.gbif.org/schema/eml-gbif-profile/1.3/eml.xsd"
packageId="e6222b64-7bef-4c72-9f62-0637334d8156"  system="http://gbif.org" scope="system"
xml:lang="en">
    <dataset>
        <title>GBIF Occurrence Download 0004332-260126135527185</title>
        <creator>
            <individualName>
                <surName>GBIF Download Service</surName>
            </individualName>
            <electronicMailAddress>support@gbif.org</electronicMailAddress>
        </creator>
        <metadataProvider>
            <individualName>
                <surName>GBIF Download Service</surName>
            </individualName>
            <electronicMailAddress>support@gbif.org</electronicMailAddress>
        </metadataProvider>
        <pubDate>
                2026-01-28
        </pubDate>
        <language>ENGLISH</language>
        <abstract>
            A dataset containing all occurrences available in GBIF matching the query:
{
  "and" : [
    "TaxonKey is one of (Mammalia, Reptilia, Amphibia)",
    "HasCoordinate is true",
    "HasGeospatialIssue is false",
    "Year is greater than or equal to 1990",
    "Year is less than or equal to 2025",
    "BasisOfRecord is one of (Human Observation, Machine Observation, Observation)",
    "CoordinateUncertaintyInMeters is less than or equal to 500",
    "Geometry POLYGON ((-120.2668 34.82019, -120.1432 34.68484, -120.0301 34.61333, -119.8986 34.56829, -119.8515 34.55977, -119.7408 34.49743, -119.607 34.45778, -119.4654 34.44798, -119.3255 34.46868, -119.251 34.49342, -119.1467 34.43474, -119.0133 34.3944, -118.8719 34.38387, -118.732 34.40384, -118.6029 34.45298, -118.4934 34.52799, -118.4109 34.62381, -118.3808 34.67988, -118.278 34.7507, -118.195 34.84634, -118.1447 34.95639, -118.1306 35.07338, -118.1673 35.26602, -118.1704 35.29585, -118.1639 35.41325, -118.1948 35.52803, -118.2612 35.63232, -118.3587 35.71898, -118.4806 35.78203, -118.6186 35.81712, -118.667 35.82202, -118.6813 36.03752, -118.7489 36.19644, -118.8297 36.29408, -118.9393 36.37141, -119.0701 36.42309, -119.2132 36.44553, -119.3859 36.43766, -119.5259 36.40495, -119.6504 36.34402, -119.7379 36.28321, -119.8757 36.29752, -120.02 36.28225, -120.1007 36.2592, -120.0584 36.35964, -120.047 36.47673, -120.0637 36.60773, -120.06 36.72513, -120.076 36.85609, -120.1251 36.96675, -120.2085 37.0634, -120.3206 37.13942, -120.3459 37.15165, -120.4821 37.19611, -120.6282 37.21076, -120.7741 37.19457, -120.8952 37.15503, -121.036 37.15629, -121.1787 37.12755, -121.307 37.07017, -121.4121 36.98812, -121.4869 36.88707, -121.5262 36.77396, -121.5436 36.65304, -121.5222 36.53686, -121.4643 36.42907, -121.3739 36.33697, -121.3132 36.29298, -121.2421 36.19052, -121.1408 36.10633, -120.9503 36.01422, -120.811 35.98191, -120.61 35.97881, -120.4693 36.00688, -120.3773 36.04097, -120.419 35.9404, -120.4298 35.82324, -120.4028 35.70781, -120.3755 35.65326, -120.4494 35.56312, -120.4968 35.45215, -120.5074 35.33494, -120.4805 35.21949, -120.4181 35.11364, -120.3408 35.03704, -120.3219 34.92867, -120.2668 34.82019))"
  ]
}
The dataset includes records from the following constituent datasets. The full metadata for each constituent is also included in this archive:
23 records from Observation.org, Nature data from around the World
19 records from MVZ Mammal Observations (Arctos)
13 records from NABU|naturgucker
8040 records from iNaturalist Research-grade Observations
7 records from TOPP Summary of SSM-derived Telemetry

        </abstract>
        <contact>
            <individualName>
                <surName>GBIF Download Service</surName>
            </individualName>
            <electronicMailAddress>support@gbif.org</electronicMailAddress>
        </contact>

    </dataset>

    <additionalMetadata>
        <metadata>
            <gbif>
                <dateStamp>2026-01-28T23:44:47Z</dateStamp>
                <citation identifier="0004332-260126135527185">GBIF Occurrence Download 0004332-260126135527185</citation>
                <physical>
                    <objectName>Darwin Core Archive</objectName>
                    <characterEncoding>UTF-8</characterEncoding>
                    <dataFormat>
                        <externallyDefinedFormat>
                            <formatName>Darwin Core Archive</formatName>
                        </externallyDefinedFormat>
                    </dataFormat>
                    <distribution>
                        <online>
                            <url function="download">https://api.gbif.org/v1/occurrence/download/request/0004332-260126135527185.zip</url>
                        </online>
                    </distribution>
                </physical>
            </gbif>
        </metadata>
    </additionalMetadata>
    </eml:eml>
